qid,qtype,question,rag_answer,rag_llm_tokens,rag_latency_s,rag_citations,graphrag_answer,graphrag_llm_tokens,graphrag_latency_s,graphrag_citations,agentic_answer,agentic_llm_tokens,agentic_latency_s,agentic_citations,agentic_steps,agentic_llm_calls,agentic_tools,agentic_agents,agentic_strategy_changed,agentic_stopping_reason
eval-001,multi_hop,Who won the gold medal in the event held at Olympic Tennis Centre on 15 to 22 August 2004?,Not found in corpus.,2685,5.222,Q942805;Q1183979;Q1115025;Q3879562;Q734997,"Li Ting, Sun Tiantian",925,6.192,Q942805,"Li Ting, Sun Tiantian",820,4.155,Q942805,2,1,event_at_venue_date,OrchestratorAgent;EntityLinkingAgent;GraphTraversalAgent;EvidenceEvaluationAgent,False,event_at_venue_date returned one verified graph value stated in the cited source article
eval-002,lookup,How many nations competed in Fencing at the 1988 Summer Olympics – Men's foil?,29,2735,4.496,Q5443136;Q5443138;Q38599;Q5443137;Q5443142,29,1033,6.051,Q5443136,29,780,4.004,Q5443136,2,1,event_attribute,OrchestratorAgent;EntityLinkingAgent;GraphTraversalAgent;EvidenceEvaluationAgent,False,event_attribute returned one verified graph value stated in the cited source article
eval-003,aggregation,"According to the provided corpus, how many cycling events at the 2008 Summer Olympics had more than 30 competitors?",4,2570,4.628,Q2445057;Q1064728;Q1063589;Q914969;Q635304,8,1474,6.18,Q1005322;Q628945;Q938833;Q1064728;Q1063589;Q727488;Q1005614;Q635304,8,811,4.1,Q1005322;Q628945;Q938833;Q727488;Q1064728;Q1063589;Q1005614;Q635304,2,1,count_events,OrchestratorAgent;AggregationAgent,False,count_events returned one verified graph value
eval-004,multi_hop,Who won the gold medal in the event held at Sydney International Shooting Centre on 22 September 2000?,Not found in corpus.,2308,4.228,Q4443767;Q4354069;Q7500814;Q4443765;Q7500813,Mariya Grozdeva,945,5.921,Q7500817,Mariya Grozdeva,810,4.245,Q7500817,2,1,event_at_venue_date,OrchestratorAgent;EntityLinkingAgent;GraphTraversalAgent;EvidenceEvaluationAgent,False,event_at_venue_date returned one verified graph value stated in the cited source article
eval-005,superlative,"According to the provided corpus, which sailing event at the 2016 Summer Olympics had the highest number of competitors?",Men's 470,3267,4.374,Q26265754;Q26250761;Q26262259;Q26263261;Q26262261,Sailing at the 2016 Summer Olympics – Men's 470,1001,5.903,Q26263261,Sailing at the 2016 Summer Olympics – Men's 470,798,4.298,Q26263261,2,1,rank_events,OrchestratorAgent;AggregationAgent,False,rank_events returned one verified graph value
eval-006,aggregation,"According to the provided corpus, how many cross-country skiing events at the 2010 Winter Olympics had more than 62 competitors?",2,2754,7.183,Q843851;Q848689;Q384953;Q595962;Q921409,4,1418,6.071,Q220386;Q595962;Q384953;Q848689,4,820,4.186,Q220386;Q595962;Q384953;Q848689,2,1,count_events,OrchestratorAgent;AggregationAgent,False,count_events returned one verified graph value
eval-007,temporal,Who won the gold medal in the men's heavyweight boxing event at the Summer Olympics held immediately before 2016?,Not found in corpus,2748,3.906,Q26212155;Q26208602;Q26208513;Q26212152;Q26212151,Oleksandr Usyk,1149,6.11,Q326384,Oleksandr Usyk,1963,7.35,Q326384,4,2,find_events;event_attribute,OrchestratorAgent;EntityLinkingAgent;GraphTraversalAgent;EvidenceEvaluationAgent,True,event_attribute returned one verified graph value stated in the cited source article
eval-008,aggregation,"According to the provided corpus, how many sailing events at the 1996 Summer Olympics had more than 46 competitors?",3,2036,5.172,Q7400320;Q7400318;Q7400325;Q7400319;Q7400323,4,1372,6.072,Q7400323;Q7400318;Q7400322;Q7400319,4,812,4.376,Q7400323;Q7400318;Q7400322;Q7400319,2,1,count_events,OrchestratorAgent;AggregationAgent,False,count_events returned one verified graph value
eval-009,superlative,"According to the provided corpus, which sailing event at the 2004 Summer Olympics had the highest number of competitors?",Men's 470,2263,3.605,Q7400347;Q7400344;Q7400339;Q10609400;Q7400346,Sailing at the 2004 Summer Olympics – Men's 470,1000,6.52,Q7400344,Sailing at the 2004 Summer Olympics – Men's 470,798,4.71,Q7400344,2,1,rank_events,OrchestratorAgent;AggregationAgent,False,rank_events returned one verified graph value
eval-010,lookup,How many nations competed in Boxing at the 1996 Summer Olympics – Flyweight?,32,1891,4.7,Q10497009;Q4951834;Q4951829;Q10572441;Q10572423,32,943,5.984,Q10497009,32,820,4.85,Q10497009,2,1,event_attribute,OrchestratorAgent;EntityLinkingAgent;GraphTraversalAgent;EvidenceEvaluationAgent,False,event_attribute returned one verified graph value stated in the cited source article
eval-011,aggregation,"According to the provided corpus, how many weightlifting events at the 1992 Summer Olympics had more than 24 competitors?",1,2158,5.569,Q7979969;Q25239314;Q7979977;Q7979971;Q7979982,4,1466,6.26,Q7979973;Q7979977;Q7979975;Q7979968,4,812,4.15,Q7979973;Q7979968;Q7979977;Q7979975,2,1,count_events,OrchestratorAgent;AggregationAgent,False,count_events returned one verified graph value
eval-012,lookup,How many nations competed in Swimming at the 2016 Summer Olympics – Men's 100 metre butterfly?,32,2717,5.099,Q25991452;Q26218947;Q25991463;Q25991447;Q25991453,32,1083,6.316,Q25991452,32,787,4.101,Q25991452,2,1,event_attribute,OrchestratorAgent;EntityLinkingAgent;GraphTraversalAgent;EvidenceEvaluationAgent,False,event_attribute returned one verified graph value stated in the cited source article
eval-013,aggregation,"According to the provided corpus, how many cycling events at the 2016 Summer Olympics had more than 27 competitors?",2,2522,5.641,Q26262252;Q24760634;Q26259596;Q24761058;Q2445057,6,1443,6.251,Q24761058;Q26260960;Q24760634;Q25476845;Q26260943;Q25476835,6,811,4.299,Q24761058;Q26260960;Q26260943;Q24760634;Q25476835;Q25476845,2,1,count_events,OrchestratorAgent;AggregationAgent,False,count_events returned one verified graph value
eval-014,multi_hop,"Who won the gold medal in the event held at San Sicario on February 15, 2006?",Michaela Dorfmeister,2795,4.14,Q846788;Q771123;Q917760;Q653672;Q915092,Michaela Dorfmeister,929,6.067,Q771123,Michaela Dorfmeister,818,5.252,Q771123,2,1,event_at_venue_date,OrchestratorAgent;EntityLinkingAgent;GraphTraversalAgent;EvidenceEvaluationAgent,False,event_at_venue_date returned one verified graph value stated in the cited source article
eval-015,lookup,How many nations competed in Athletics at the 2016 Summer Olympics – Men's 400 metres?,35,2441,4.28,Q26219858;Q1636766;Q26233103;Q3628768;Q26219839,35,1007,6.175,Q26219858,35,1929,7.292,Q26219858,4,2,find_events;event_attribute,OrchestratorAgent;EntityLinkingAgent;GraphTraversalAgent;EvidenceEvaluationAgent,True,event_attribute returned one verified graph value stated in the cited source article
eval-016,lookup,How many nations competed in Athletics at the 2008 Summer Olympics – Women's shot put?,22,2441,4.158,Q848278;Q613746;Q848291;Q1799251;Q3628775,22,914,6.111,Q848278,22,793,4.655,Q848278,2,1,event_attribute,OrchestratorAgent;EntityLinkingAgent;GraphTraversalAgent;EvidenceEvaluationAgent,False,event_attribute returned one verified graph value stated in the cited source article
eval-017,multi_hop,Who won the gold medal in the event held at Eton Dorney on 28 July – 4 August 2012?,Miroslava Knapková,3181,4.321,Q1005337;Q1005508;Q1188476;Q1222270;Q767351,Miroslava Knapková,960,6.016,Q1222270,Miroslava Knapková,827,4.617,Q1222270,2,1,event_at_venue_date,OrchestratorAgent;EntityLinkingAgent;GraphTraversalAgent;EvidenceEvaluationAgent,False,event_at_venue_date returned one verified graph value stated in the cited source article
eval-018,multi_hop,Who won the gold medal in the event held at Olympic Stadium on 16–18 August 2016?,Not found in corpus.,2309,4.469,Q26203840;Q26234091;Q26208447;Q26208457;Q26212275,Sara Kolak,940,6.091,Q26234144,Sara Kolak,810,4.136,Q26234144,2,1,event_at_venue_date,OrchestratorAgent;EntityLinkingAgent;GraphTraversalAgent;EvidenceEvaluationAgent,False,event_at_venue_date returned one verified graph value stated in the cited source article
eval-019,aggregation,"According to the provided corpus, how many alpine skiing events at the 1998 Winter Olympics had more than 45 competitors?",Not found in corpus.,2518,4.381,Q988370;Q870651;Q1005618;Q1005047;Q1222025,4,1415,6.07,Q1005643;Q1222533;Q1222717;Q1005810,4,814,4.103,Q1005643;Q1222533;Q1222717;Q1005810,2,1,count_events,OrchestratorAgent;AggregationAgent,False,count_events returned one verified graph value
eval-020,multi_hop,Who won the gold medal in the event held at Royal Artillery Barracks on 5 August 2012?,Jin Jong-oh,2356,3.694,Q681571;Q2353475;Q334901;Q2353523;Q921100,Jin Jong-oh,943,5.924,Q2353475,Jin Jong-oh,811,4.363,Q2353475,2,1,event_at_venue_date,OrchestratorAgent;EntityLinkingAgent;GraphTraversalAgent;EvidenceEvaluationAgent,False,event_at_venue_date returned one verified graph value stated in the cited source article
eval-021,temporal,Who won the gold medal in the men's 200 metre backstroke swimming event at the Summer Olympics held immediately before 2016?,Not found in corpus,2789,4.151,Q25991449;Q25991451;Q26218947;Q25991447;Q25927635,Tyler Clary,1200,6.145,Q2071160,Tyler Clary,2023,7.401,Q2071160,4,2,find_events;event_attribute,OrchestratorAgent;EntityLinkingAgent;GraphTraversalAgent;EvidenceEvaluationAgent,True,event_attribute returned one verified graph value stated in the cited source article
eval-022,lookup,How many nations competed in Cross-country skiing at the 2014 Winter Olympics – Men's sprint?,40,2727,6.343,Q15055034;Q15055036;Q15055029;Q15055038;Q15055035,40,970,6.185,Q15055036,40,796,4.013,Q15055036,2,1,event_attribute,OrchestratorAgent;EntityLinkingAgent;GraphTraversalAgent;EvidenceEvaluationAgent,False,event_attribute returned one verified graph value stated in the cited source article
eval-023,aggregation,"According to the provided corpus, how many shooting events at the 2000 Summer Olympics had more than 42 competitors?",Not found in corpus.,2520,5.462,Q7500810;Q4443767;Q7500809;Q7500772;Q7500819,7,1450,6.123,Q4443764;Q4443765;Q4354069;Q7500813;Q7500812;Q7500816;Q4443763,7,812,4.35,Q4443764;Q4354069;Q7500813;Q7500812;Q4443765;Q7500816;Q4443763,2,1,count_events,OrchestratorAgent;AggregationAgent,False,count_events returned one verified graph value
eval-024,superlative,"According to the provided corpus, which cross-country skiing event at the 1998 Winter Olympics had the highest number of competitors?",Women's 5 kilometre classical,2235,3.766,Q870651;Q1221939;Q988370;Q1222171;Q1221875,Cross-country skiing at the 1998 Winter Olympics – Men's 10 kilometre classical,1048,6.38,Q1004937,Cross-country skiing at the 1998 Winter Olympics – Men's 10 kilometre classical,806,4.341,Q1004937,2,1,rank_events,OrchestratorAgent;AggregationAgent,False,rank_events returned one verified graph value
eval-025,superlative,"According to the provided corpus, which rowing event at the 2016 Summer Olympics had the highest number of competitors?",Men's single sculls,2924,4.575,Q22968981;Q22968983;Q22968985;Q22968982;Q22968977,Rowing at the 2016 Summer Olympics – Women's eight,965,6.141,Q22968979,Rowing at the 2016 Summer Olympics – Women's eight,797,6.966,Q22968979,2,1,rank_events,OrchestratorAgent;AggregationAgent,False,rank_events returned one verified graph value
eval-026,lookup,How many nations competed in Fencing at the 2000 Summer Olympics – Men's foil?,22 nations competed in Fencing at the 2000 Summer Olympics – Men's foil.,2342,4.032,Q632472;Q3951952;Q647750;Q5443156;Q632742,22,1027,5.466,Q632472,22,780,4.303,Q632472,2,1,event_attribute,OrchestratorAgent;EntityLinkingAgent;GraphTraversalAgent;EvidenceEvaluationAgent,False,event_attribute returned one verified graph value stated in the cited source article
eval-027,superlative,"According to the provided corpus, which cycling event at the 2012 Summer Olympics had the highest number of competitors?",Cycling at the 2012 Summer Olympics – Men's individual road race,2573,4.348,Q754412;Q2036655;Q2718015;Q2070832;Q2269694,Cycling at the 2012 Summer Olympics – Men's individual road race,984,6.167,Q754412,Cycling at the 2012 Summer Olympics – Men's individual road race,797,4.468,Q754412,2,1,rank_events,OrchestratorAgent;AggregationAgent,False,rank_events returned one verified graph value
eval-028,aggregation,"According to the provided corpus, how many wrestling events at the 2012 Summer Olympics had more than 19 competitors?",Not found in corpus.,2788,3.7,Q767959;Q2358254;Q2091137;Q2048869;Q2171151,3,1449,6.003,Q2521962;Q305439;Q2550697,3,811,5.488,Q2521962;Q305439;Q2550697,2,1,count_events,OrchestratorAgent;AggregationAgent,False,count_events returned one verified graph value
eval-029,aggregation,"According to the provided corpus, how many boxing events at the 2012 Summer Olympics had more than 26 competitors?",1,2906,3.281,Q332673;Q2000524;Q31844;Q348720;Q31850,3,1370,6.129,Q31844;Q31850;Q348714,3,811,4.145,Q31844;Q31850;Q348714,2,1,count_events,OrchestratorAgent;AggregationAgent,False,count_events returned one verified graph value
eval-030,superlative,"According to the provided corpus, which alpine skiing event at the 1994 Winter Olympics had the highest number of competitors?",Not found in corpus.,2353,3.657,Q1222098;Q870649;Q988372;Q1004936;Q1005212,Alpine skiing at the 1994 Winter Olympics – Men's super-G,1011,6.561,Q1005746,Alpine skiing at the 1994 Winter Olympics – Men's super-G,800,4.084,Q1005746,2,1,rank_events,OrchestratorAgent;AggregationAgent,False,rank_events returned one verified graph value
eval-031,temporal,Who won the gold medal in the men's 62 kg weightlifting event at the Summer Olympics held immediately before 2016?,Kim Un-guk,2803,4.278,Q26212149;Q26212147;Q1139399;Q26212148;Q26212144,Kim Un-guk,996,6.252,Q1139399,Kim Un-guk,799,3.92,Q1139399,2,1,previous_edition,OrchestratorAgent;EntityLinkingAgent;GraphTraversalAgent;EvidenceEvaluationAgent,False,previous_edition returned one verified graph value stated in the cited source article
eval-032,multi_hop,"Who won the gold medal in the event held at Pacific Coliseum on February 20, 2010?",Lee Jung-su,2900,3.538,Q769542;Q586832;Q916735;Q938791;Q379473,Zhou Yang; Lee Jung-su,1311,6.108,Q916747;Q938791,Zhou Yang; Lee Jung-su,1993,7.825,Q916747;Q938791,3,2,event_at_venue_date,OrchestratorAgent;EntityLinkingAgent;GraphTraversalAgent,False,Orchestrator finished with an answer grounded in tool observations
eval-033,aggregation,"According to the provided corpus, how many alpine skiing events at the 1988 Winter Olympics had more than 57 competitors?",Not found in corpus.,2540,4.139,Q988369;Q1005211;Q1005063;Q1004985;Q15703663,4,1428,6.001,Q1005804;Q1222713;Q1005744;Q1005639,4,814,4.58,Q1005804;Q1005744;Q1222713;Q1005639,2,1,count_events,OrchestratorAgent;AggregationAgent,False,count_events returned one verified graph value
eval-034,temporal,Who won the gold medal in the men's freestyle 120 kg wrestling event at the Summer Olympics held immediately before 2012?,Bakhtiyar Akhmedov,2828,3.787,Q677063;Q581364;Q2048869;Q767959;Q2550697,Bakhtiyar Akhmedov,1039,6.835,Q581364,Bakhtiyar Akhmedov,814,3.418,Q581364,2,1,previous_edition,OrchestratorAgent;EntityLinkingAgent;GraphTraversalAgent;EvidenceEvaluationAgent,False,previous_edition returned one verified graph value stated in the cited source article
eval-035,superlative,"According to the provided corpus, which rowing event at the 2012 Summer Olympics had the highest number of competitors?",Men's coxless four and Men's lightweight coxless four both had 52 competitors.,3253,5.827,Q1005337;Q2460802;Q1005506;Q526367;Q536380,Rowing at the 2012 Summer Olympics – Women's eight,958,5.987,Q370500,Rowing at the 2012 Summer Olympics – Women's eight,797,4.689,Q370500,2,1,rank_events,OrchestratorAgent;AggregationAgent,False,rank_events returned one verified graph value
eval-036,aggregation,"According to the provided corpus, how many short-track speed skating events at the 2018 Winter Olympics had more than 34 competitors?",2,3446,5.631,Q47309958;Q47309929;Q47309990;Q47310015;Q47309816,3,1475,6.543,Q47309900;Q47309929;Q47309958,3,823,3.488,Q47309900;Q47309929;Q47309958,2,1,count_events,OrchestratorAgent;AggregationAgent,False,count_events returned one verified graph value
eval-037,superlative,"According to the provided corpus, which sailing event at the 1996 Summer Olympics had the highest number of competitors?",Sailing at the 1996 Summer Olympics – Men's 470,2051,5.697,Q7400318;Q7400319;Q7400325;Q7400323;Q7400320,Sailing at the 1996 Summer Olympics – Men's 470,1002,6.565,Q7400319,Sailing at the 1996 Summer Olympics – Men's 470,798,3.796,Q7400319,2,1,rank_events,OrchestratorAgent;AggregationAgent,False,rank_events returned one verified graph value
eval-038,aggregation,"According to the provided corpus, how many athletics events at the 2008 Summer Olympics had more than 40 competitors?",Not found in corpus.,2464,5.11,Q2570149;Q517035;Q677027;Q2201769;Q1005784,21,1761,6.284,Q848291;Q853003;Q693595;Q247070;Q257545;Q922361;Q917328;Q917348;Q947678;Q754844;Q288549;Q1066390;Q743905;Q932865;Q947691;Q853072;Q917333;Q947750;Q677027;Q853023;Q853040,21,812,3.985,Q848291;Q853003;Q693595;Q743905;Q932865;Q947691;Q917348;Q947678;Q754844;Q288549;Q1066390;Q247070;Q257545;Q922361;Q917328;Q853072;Q917333;Q947750;Q677027;Q853023;Q853040,2,1,count_events,OrchestratorAgent;AggregationAgent,False,count_events returned one verified graph value
eval-039,aggregation,"According to the provided corpus, how many boxing events at the 1992 Summer Olympics had more than 30 competitors?",0,3430,4.867,Q58412558;Q10572439;Q10572415;Q10572463;Q10719576,3,1378,6.116,Q10497008;Q10495989;Q10426127,3,811,4.511,Q10497008;Q10495989;Q10426127,2,1,count_events,OrchestratorAgent;AggregationAgent,False,count_events returned one verified graph value
eval-040,multi_hop,Who won the gold medal in the event held at Stadium Australia on 27 September 2000 (heats)29 September 2000 (semi-finals)30 September 2000 (final)?,Nouria Mérah-Benida,2652,3.885,Q3628763;Q3628760;Q3628765;Q3628761;Q3628773,Nouria Mérah-Benida,1049,6.318,Q3628760,Nouria Mérah-Benida,849,4.382,Q3628760,2,1,event_at_venue_date,OrchestratorAgent;EntityLinkingAgent;GraphTraversalAgent;EvidenceEvaluationAgent,False,event_at_venue_date returned one verified graph value stated in the cited source article
eval-041,aggregation,"According to the provided corpus, how many alpine skiing events at the 2006 Winter Olympics had more than 63 competitors?",1,2400,4.548,Q585893;Q917743;Q2574045;Q748648;Q825731,4,1409,6.247,Q917743;Q1042644;Q2574045;Q1005801,4,814,3.965,Q917743;Q2574045;Q1005801;Q1042644,2,1,count_events,OrchestratorAgent;AggregationAgent,False,count_events returned one verified graph value
eval-042,temporal,Who won the gold medal in the mixed trap shooting event at the Summer Olympics held immediately before 1992?,Dmitry Monakov,2493,4.687,Q7500772;Q775967;Q26233478;Q7500750;Q4443767,Dmitry Monakov,992,6.636,Q7500750,Dmitry Monakov,782,3.829,Q7500750,2,1,previous_edition,OrchestratorAgent;EntityLinkingAgent;GraphTraversalAgent;EvidenceEvaluationAgent,False,previous_edition returned one verified graph value stated in the cited source article
eval-043,multi_hop,Who won the gold medal in the event held at Carioca Arena 3 on 11 August 2016?,"Loredana Dinu, Simona Gherman, Simona Pop, Ana Maria Popescu",2597,4.942,Q25386279;Q25386268;Q25386262;Q25386266;Q25384917,"Loredana Dinu, Simona Gherman, Simona Pop, Ana Maria Popescu",983,5.65,Q25384917,"Loredana Dinu, Simona Gherman, Simona Pop, Ana Maria Popescu",808,4.067,Q25384917,2,1,event_at_venue_date,OrchestratorAgent;EntityLinkingAgent;GraphTraversalAgent;EvidenceEvaluationAgent,False,event_at_venue_date returned one verified graph value stated in the cited source article
eval-044,temporal,Who won the gold medal in the women's 75 kg weightlifting event at the Summer Olympics held immediately before 2016?,Lydia Valentín,2794,3.941,Q1997032;Q26212188;Q26212310;Q26328066;Q1371783,Lydia Valentín,1038,6.584,Q1997032,Lydia Valentín,799,4.032,Q1997032,2,1,previous_edition,OrchestratorAgent;EntityLinkingAgent;GraphTraversalAgent;EvidenceEvaluationAgent,False,previous_edition returned one verified graph value stated in the cited source article
eval-045,temporal,Who won the gold medal in the women's moguls freestyle skiing event at the Winter Olympics held immediately before 2014?,Hannah Kearney,2356,4.513,Q15056095;Q15055028;Q15056099;Q905561;Q850196,Hannah Kearney,1103,6.15,Q905561,Hannah Kearney,799,4.185,Q905561,2,1,previous_edition,OrchestratorAgent;EntityLinkingAgent;GraphTraversalAgent;EvidenceEvaluationAgent,False,previous_edition returned one verified graph value stated in the cited source article
eval-046,temporal,Who won the gold medal in the light flyweight boxing event at the Summer Olympics held immediately before 2004?,Not found in corpus,2786,3.77,Q3925468;Q3925466;Q3925465;Q15056263;Q3925471,Brahim Asloum,1078,6.214,Q4951841,Brahim Asloum,782,4.03,Q4951841,2,1,previous_edition,OrchestratorAgent;EntityLinkingAgent;GraphTraversalAgent;EvidenceEvaluationAgent,False,previous_edition returned one verified graph value stated in the cited source article
eval-047,superlative,"According to the provided corpus, which cycling event at the 2004 Summer Olympics had the highest number of competitors?",Men's individual road race,2314,3.962,Q2445057;Q1421581;Q2065523;Q1415848;Q2212666,Cycling at the 2004 Summer Olympics – Men's individual road race,996,6.293,Q2445057,Cycling at the 2004 Summer Olympics – Men's individual road race,797,4.215,Q2445057,2,1,rank_events,OrchestratorAgent;AggregationAgent,False,rank_events returned one verified graph value
eval-048,aggregation,"According to the provided corpus, how many cycling events at the 2012 Summer Olympics had more than 30 competitors?",2,2435,4.334,Q2036655;Q2718015;Q754412;Q2070832;Q2269155,7,1415,6.199,Q2036655;Q2297633;Q754412;Q2297621;Q843287;Q916174;Q1005298,7,811,3.829,Q2036655;Q843287;Q916174;Q1005298;Q2297633;Q754412;Q2297621,2,1,count_events,OrchestratorAgent;AggregationAgent,False,count_events returned one verified graph value
eval-049,superlative,"According to the provided corpus, which shooting event at the 1988 Summer Olympics had the highest number of competitors?",Men's 50 metre rifle prone,2421,4.201,Q3628695;Q7500750;Q7500743;Q7500739;Q7500747,Shooting at the 1988 Summer Olympics – Men's 50 metre rifle prone,1012,6.334,Q7500747,Shooting at the 1988 Summer Olympics – Men's 50 metre rifle prone,798,4.46,Q7500747,2,1,rank_events,OrchestratorAgent;AggregationAgent,False,rank_events returned one verified graph value
eval-050,multi_hop,Who won the gold medal in the event held at Olympic Stadium on 6–9 August at the 2012 Summer Olympics?,David Rudisha,2241,3.971,Q1049551;Q2071171;Q1772012;Q2000999;Q1636766,David Rudisha,956,6.063,Q1049551,David Rudisha,807,4.111,Q1049551,2,1,event_at_venue_date,OrchestratorAgent;EntityLinkingAgent;GraphTraversalAgent;EvidenceEvaluationAgent,False,event_at_venue_date returned one verified graph value stated in the cited source article
